{
  "Z": [
    0.001,
    0.004,
    0.008,
    0.02,
    0.04
  ],
  "eta_sf": [
    0.01,
    0.025,
    0.05,
    0.075,
    0.1,
    0.125,
    0.15
  ],
  "n_cl": [
    10.0,
    20.0,
    40.0,
    80.0,
    160.0,
    320.0,
    640.0,
    1280.0,
    2560.0
  ],
  "M_cl_init": [
    100000.0,
    177827.94100389228,
    316227.7660168379,
    562341.3251903491,
    1000000.0,
    1778279.410038923,
    3162277.6601683795,
    5623413.251903491
  ],
  "template": [
    "SB99"
  ],
  "imf": [
    "kroupa100"
  ],
  "star_type": [
    "sin"
  ],
  "profile_type": [
    "uniform"
  ],
  "cluster_formation_mode": [
    "burst"
  ]
}